<?xml version="1.0"?>
<pagescount>
	<html_total>10</html_total>
	<html_done>1</html_done>
	<images>28</images>
	<script>3</script>
	<css>4</css>
	<pdf/>
	<documents/>
	<excel/>
	<powerpoint/>
	<flash/>
	<audios/>
	<videos/>
	<xml/>
	<json/>
	<txt/>
	<autocad/>
	<fonts>12</fonts>
	<scraping_reload>1</scraping_reload>
	<is_pretty_url>false</is_pretty_url>
	<is_ebn>false</is_ebn>
	<email>jaymesidsnipe@gmail.com</email>
	<theme_name>WmdTheme464801</theme_name>
	<server_url_front_page>https://www6.waybackmachinedownloader.com/wdo/files/demo/implorium.com_jaymesidsnipe_gmail.com_run0aogjm0/</server_url_front_page>
	<no_www_url>implorium.com</no_www_url>
	<hosted_domain/>
	<original_archive_url>https://implorium.com</original_archive_url>
	<final_archive_url>https://implorium.com/</final_archive_url>
	<front_page_code_date/>
	<total_urls_from_api/>
	<max_reached_live>false</max_reached_live>
	<scrape_other_captures>false</scrape_other_captures>
	<total_size>3312</total_size>
</pagescount>
